Ubigeo,Provincia,Bajo_Peso,Desnutricion,Anemia,IVIA,IDE,IDH,Devengado_Act,Devengado_Inv
010200,BAGUA,6.4066852367688,24.897381457891,22.1662468513854,0.519479274749756,0.649202856777717,0.461036224246138,4747.48613647946,1050.07668881867
010300,BONGARÁ,4.98753117206983,20.0875752599891,11.9205298013245,0.509355187416077,0.716390890220421,0.4128954525726,818.668762570308,1288.0695953639
010100,CHACHAPOYAS,8.76747141041931,13.6941813261164,34.1414141414141,0.39617508649826,0.767278998632085,0.542665288299619,14782.9067665424,5186.63721759991
010400,CONDORCANQUI,10.352422907489,41.4606314187904,42.9778247096093,0.690789043903351,0.408828965702124,0.2534515691766,2055.77774562513,596.421671278727
010500,LUYA,5.97738287560582,19.3823216187433,22.6966292134831,0.582215249538422,0.705204486664951,0.341050239505418,1208.53138489385,1797.18662403841
010600,RODRÍGUEZ DE MENDOZA,7.40740740740741,14.9260628465804,20.5533596837945,0.59198123216629,0.674197729182214,0.366407435251007,895.087097867491,2093.4965747878
010700,UTCUBAMBA,6.81179775280899,14.9071859697073,16.5680473372781,0.531391978263855,0.693749408810203,0.470118925777447,1958.24524759507,682.394622116652
060200,CAJABAMBA,9.66514459665145,31.946673250216,48.5927152317881,0.646451771259308,0.665060394442928,0.350381975931075,1340.76474504139,614.545165731429
060100,CAJAMARCA,9.26895481869304,29.4942262114871,24.7185590221936,0.453529119491577,0.747007097195902,0.535394003901843,7684.86727516458,556.981640578454
060300,CELENDÍN,9.90909090909091,27.5192604006163,26.6592920353982,0.711815476417542,0.653067871631563,0.322969234443926,1689.98986972945,461.782102399183
060400,CHOTA,7.63187429854097,23.2591189009948,28.6666666666667,0.665040075778961,0.6855374882134,0.360510072551923,2026.87255374925,1587.4376148586
060500,CONTUMAZÁ,6.22710622710623,14.8915187376726,23.2558139534884,0.574016809463501,0.659510831470299,0.422103348701852,2216.32877939341,1073.94815728214
060600,CUTERVO,8.7685364281109,19.3901485535575,22.6877470355731,0.65541684627533,0.658873635175849,0.354765665560503,2143.56885947717,1043.15088096839
060700,HUALGAYOC,8.34752981260647,29.0200591910556,35.4445797807552,0.626527965068817,0.67028780834506,0.369343332788354,1787.90920035193,501.348305321989
060800,JAÉN,7.00227100681302,16.4083583930912,27.9467130031856,0.503219723701477,0.690882289980988,0.494398319418157,2231.04717453285,575.056053336333
060900,SAN IGNACIO,6.91168403730115,25.8200611749815,27.3636363636364,0.624874472618103,0.665181262962315,0.359697614389447,1855.56443899436,533.692744365196
061000,SAN MARCOS,10.5670103092784,31.1780553514573,12.0643431635389,0.668969035148621,0.670938912464002,0.338971877022097,1559.62920586966,831.320733016832
061100,SAN MIGUEL,8.74751491053678,25.7911860396332,32.9741379310345,0.590519368648529,0.668015427812079,0.370704804639486,2139.06065751568,1329.82530644524
061200,SAN PABLO,6.05187319884726,33.7552742616034,15.0234741784038,0.695381045341492,0.659078653920534,0.312599948625524,2007.67702011527,500.141856941105
061300,SANTA CRUZ,6.61157024793388,19.0647482014388,25.1851851851852,0.658909678459168,0.68359305737177,0.390976160229844,2559.33766468857,1559.379653832
130200,ASCOPE,6.55624568668047,12.1017156862745,28.7361419068736,0.223926067352295,0.789060181916749,0.584927811478705,1415.11338014065,646.723472651226
130300,BOLÍVAR,4.84581497797357,27.0666666666667,63.9784946236559,0.652330458164215,0.704577066313888,0.294998261362244,4888.51419096949,3278.98551289269
130400,CHEPÉN,4.82160077145612,13.1985098456626,10.9710896960712,0.258895337581634,0.759130859057815,0.558693646146731,1495.84544671364,664.303315150925
131100,GRAN CHIMÚ,6.26780626780627,24.3093922651934,35.2760736196319,0.562236607074738,0.650975960684004,0.372397790744179,2272.27422894044,778.531967808263
130500,JULCÁN,10.0603621730382,34.04,52.9880478087649,0.648400485515595,0.620660186931297,0.21955269163205,2152.02152446389,1164.23391797955
130600,OTUZCO,7.94930875576037,32.2768974145121,51.4309415180423,0.60022121667862,0.680308480707843,0.278322949710468,1626.20727197046,874.544438067442
130700,PACASMAYO,4.82388973966309,9.88505747126437,18.4960298925736,0.214323401451111,0.759243526772734,0.57922443766549,2126.19041809508,645.549754675228
130800,PATAZ,6.83491062039958,26.1526017794554,71.0989678202793,0.626408457756043,0.707513228137543,0.392855935777298,2251.1525790081,1080.06977215995
130900,SÁNCHEZ CARRIÓN,7.93374019180471,35.6287425149701,41.6293643688451,0.697629570960999,0.658947716046773,0.28632748315696,1584.46161228644,957.595118731882
131000,SANTIAGO DE CHUCO,8.22320117474302,29.6343810134702,57.8947368421053,0.653629422187806,0.675307281871215,0.352373208439143,2430.36634076596,3044.41892477562
130100,TRUJILLO,5.80020630008728,8.65680606652151,23.514981601542,0.179093897342682,0.812191223405999,0.639914596032168,3137.99853913833,325.754240154195
131200,VIRÚ,5.35045478865704,9.58404802744425,28.739837398374,0.400421619415283,0.704026306078089,0.500233557710893,1207.5694623526,1007.23283431056
140100,CHICLAYO,6.97277095568607,12.0306086251457,30.0698361536395,0.191648900508881,0.809161385509937,0.578176327430654,2795.88670483996,381.930362046864
140200,FERREÑAFE,6.22222222222222,29.4461272176547,52.0414031052329,0.433622598648071,0.678807079053658,0.423008219796997,1256.05864933109,802.071237514016
140300,LAMBAYEQUE,6.09496810772502,20.9443099273608,40.4596924116951,0.397710382938385,0.683804490629717,0.477565771225824,2290.26038107886,488.10570817977
160200,ALTO AMAZONAS,8.38439213157046,19.683908045977,41.5977961432507,0.518692970275879,0.588452823860314,0.435779309053746,2344.12657768016,1057.76988634074
160700,DATEM DEL MARAÑÓN,9.102402022756,31.0700813976573,39.5622895622895,0.685814380645752,0.409549370064305,0.319824439511323,2486.26276345137,1011.07998270807
160300,LORETO,8.32072617246596,28.7858635759073,37.2993389990557,0.619433343410492,0.500143100531427,0.363538669551432,6228.28262975779,1376.34410835791
160400,MARISCAL RAMÓN CASTILLA,6.93153000845309,23.1570721542068,29.8305084745763,0.634149312973023,0.502192427367203,0.351602495483565,1350.11234850153,319.163283302752
160100,MAYNAS,9.09466721785862,21.2329814899801,36.4375101576467,0.386589467525482,0.690351686315908,0.563807716920938,4028.32852185952,706.586449325958
160800,PUTUMAYO,10.3174603174603,18.8284518828452,23.0769230769231,0.630309402942658,0.417886913686234,0.398934666479894,2500.61314264893,995.549621060303
160500,REQUENA,5.99343185550082,27.1994843699645,40.5120481927711,0.604933857917786,0.539245648607371,0.377398345687469,1926.28312784553,634.713568879192
160600,UCAYALI,8.31275720164609,26.2253108997805,43.8380281690141,0.578295946121216,0.579013201452882,0.400057915393813,2223.87697507064,790.80932843901
200200,AYABACA,5.48029556650246,32.727768189663,36.2920168067227,0.671746909618378,0.592089066663871,0.249814133319148,1903.62700911323,1663.25143618767
200300,HUANCABAMBA,6.41638225255973,37.4559262272851,42.7224272242722,0.706886887550354,0.617393971317849,0.264839997694202,2009.45202151868,3101.94916208235
200400,MORROPÓN,7.5302554908113,16.2375197057278,23.3082706766917,0.485206484794617,0.698591643583196,0.431884363464973,2076.62017713477,1200.51006725694
200500,PAITA,6.51664322550399,19.0542420027816,26.035936927026,0.281643807888031,0.695727144010335,0.547656328525822,1200.31368291316,1388.21322311496
200100,PIURA,7.25990458411118,17.3076385198445,16.9560347241669,0.275028884410858,0.722399922078338,0.56893675120806,3980.82394004644,657.228428192568
200800,SECHURA,9.64214711729622,18.4612552917357,24.4685118331328,0.343088626861572,0.692684437211181,0.467311704001466,1235.83296554005,574.952178813008
200600,SULLANA,7.56880733944954,9.93834117881058,18.0619266055046,0.269894063472748,0.725989823622227,0.542190015191485,1906.99414695383,1022.71363615661
200700,TALARA,8.01414260459635,10.0287989158055,18.3017312448475,0.210803925991058,0.750070425292864,0.584521141963705,848.774214114054,670.460083694678
220200,BELLAVISTA,6.28342245989305,16.5596146126054,7.52551020408163,0.584938049316406,0.619602692091194,0.419522735202935,1787.12022649237,618.392936548263
220300,EL DORADO,5.80110497237569,17.5712719298246,41.1337209302326,0.636151313781738,0.659642506972859,0.330864304649706,1490.82748684888,402.081403308486
220400,HUALLAGA,7.16049382716049,11.8043844856661,9.28792569659443,0.56709086894989,0.659810757073883,0.408309915985017,2210.10419392203,603.984714847441
220500,LAMAS,7.05563093622795,14.9060272197019,35.5932203389831,0.612792551517487,0.658149634247103,0.364284623155073,1481.94508196386,491.011332411816
220600,MARISCAL CÁCERES,8.28025477707006,12.2314049586777,17.6470588235294,0.498643338680267,0.673993024796187,0.446768919911036,1691.4791646038,573.30487888951
220100,MOYOBAMBA,5.89139344262295,13.6873715821084,27.6446280991736,0.394927561283112,0.714844407257999,0.488253337000652,8332.73228383504,883.040212328721
220700,PICOTA,5.76652601969058,13.2689987937274,35.5960264900662,0.553148806095124,0.666073429860073,0.43875531362626,930.220613365695,1503.4360552893
220800,RIOJA,5.77187356848374,10.7336287543082,40.0986610288936,0.442440092563629,0.711262296305389,0.468398046922593,1259.73864250982,759.639218576251
220900,SAN MARTÍN,7.76918117343649,10.272780034823,35.5912743972445,0.294475674629212,0.770445423887427,0.607513016930018,3666.19555884491,1071.701401363
221000,TOCACHE,4.37116564417178,11.7046117921775,40.5797101449275,0.473518967628479,0.674340683901571,0.505567200470222,1977.7896483665,1129.44929335415
240200,CONTRALMIRANTE VILLAR,6.79012345679012,10.5448154657293,23.8476953907816,0.251242339611053,0.706159254973205,0.544228946249763,4336.65330665108,3563.37835454423
240100,TUMBES,7.01692524682651,7.905803195963,29.5666131621188,0.199408292770386,0.760804842904098,0.590134727638241,4771.02514821326,1024.08751312713
240300,ZARUMILLA,5.54393305439331,10.7547169811321,40.2766476810415,0.274022400379181,0.70080843792964,0.509087359993274,1435.02341170314,1241.85727530977
020200,AIJA,7.95454545454545,20.3821656050955,26.8817204301075,0.586117923259735,0.686007284149375,0.369278952096014,3046.34799551234,2818.38468586387
020300,ANTONIO RAYMONDI,6.97674418604651,32.088285229202,77.2357723577235,0.674561738967896,0.748010806900013,0.316336893364822,2664.04565458741,4316.74326701179
020400,ASUNCIÓN,7.62711864406779,23.9669421487603,61.9354838709678,0.57966423034668,0.754790116977737,0.389049863688564,2304.84708674699,1311.14973614458
020500,BOLOGNESI,12.0234604105572,19.047619047619,20.5546492659054,0.458527266979218,0.725946079482943,0.453107932719228,2529.61865415634,2079.70078445258
020600,CARHUAZ,5.72737686139748,25.6996689738188,42.6065162907268,0.557434558868408,0.712622126253204,0.408914652227987,1476.29682352279,767.736544597943
020700,CARLOS F. FITZCARRALD,8.85608856088561,24.207492795389,40.9090909090909,0.672915399074555,0.689181982725371,0.305968553232619,2360.79816780402,944.752006971378
020800,CASMA,5.68445475638051,14.4807121661721,44.1631504922644,0.315449178218842,0.668583909018809,0.557300920754885,1602.21278854207,1259.66151450853
020900,CORONGO,10.5263157894737,17.0391061452514,43.7209302325582,0.597393274307251,0.734964707795205,0.388256123584986,3220.2870519862,1183.98944309618
020100,HUARAZ,5.57125555106984,21.0627023844569,48.8070892978868,0.381614208221436,0.785150049495268,0.562543270468146,11030.4432026645,619.614864200101
021000,HUARI,7.92239288601455,22.5297962322184,50.5514705882353,0.553403973579407,0.727483931032877,0.424135442845821,3101.51896756125,2742.83684466324
021100,HUARMEY,5.19187358916479,16.1490683229814,17.5388967468175,0.299821317195892,0.697011973018572,0.574461230554634,2030.69126066122,829.417485307857
021200,HUAYLAS,7.28205128205128,29.8089591567852,23.2032854209446,0.550441026687622,0.707131291660884,0.405559625805934,2196.8361726143,688.720900532599
021300,MARISCAL LUZURIAGA,8.71080139372822,29.2274052478134,26.3345195729537,0.694152295589447,0.636120512025277,0.276132981732583,2749.69431456703,1062.39418202474
021400,OCROS,3.07692307692308,22.6600985221675,42.8571428571428,0.549111843109131,0.673682073687724,0.465454484624551,4324.5626199422,1532.38491907514
021500,PALLASCA,5.75079872204473,26.1508325171401,62.7397260273973,0.633431315422058,0.722250764232484,0.327174294684724,3000.46199803966,4153.2630928146
021600,POMABAMBA,11.6923076923077,26.5901981230448,20.8661417322835,0.605884313583374,0.695982032658324,0.341970981075689,3529.28382375694,710.62780153316
021700,RECUAY,9.96168582375479,20.6222222222222,49.8550724637681,0.507664620876312,0.694831354650171,0.426784731367209,3075.22041215361,1811.87582454166
021800,SANTA,4.86614406152936,8.53471423091676,30.9642857142857,0.221503615379333,0.75320035478408,0.615220775075721,1729.96718731337,540.841884412073
021900,SIHUAS,10.8108108108108,24.9617151607963,23.9208633093525,0.693373203277588,0.697734999823544,0.314323545628663,2620.62280242935,2068.87494732276
022000,YUNGAY,6.36461704422869,32.4018838304553,54.5560747663551,0.645888924598694,0.695502301742128,0.335807832904921,1761.03534203011,848.79789281542
070100,CALLAO,5.40946656649136,7.27692374689718,23.8912489379779,0.124762237071991,0.808428216023754,0.640163109859599,4249.98778933073,129.499422518905
100200,AMBO,6.18811881188119,18.4926029588165,16.0458452722063,0.632877826690674,0.635862769329207,0.375436336723439,2314.76363440237,940.943585297526
100300,DOS DE MAYO,7.38552437223043,23.3976029181866,28.5251215559157,0.681513726711273,0.651118235293188,0.385045066532898,2987.0111443213,1050.91257800024
100400,HUACAYBAMBA,7.30337078651685,24.1130487071557,39.0862944162436,0.669924437999726,0.668379934981564,0.318457467200167,2116.99434391036,565.060139805215
100500,HUAMALÍES,6.37915543575921,27.0352227665034,39.6011396011396,0.690564513206482,0.642229537596298,0.378053917211422,1985.25891788481,953.997472045228
100100,HUÁNUCO,5.61195173338441,14.2168674698795,13.4419551934827,0.393806219100952,0.715929918080171,0.528693190085859,5346.6345359428,1305.71110105476
101000,LAURICOCHA,5.23012552301255,21.7967599410898,30.7317073170732,0.696644425392151,0.582617277580872,0.422385974109054,2092.71441913078,1614.50507481643
100600,LEONCIO PRADO,4.7008547008547,8.48178137651822,30.0702028081123,0.416461825370789,0.655033815546715,0.499959701878324,2493.65889692222,712.122262493209
100700,MARAÑÓN,6.39097744360902,19.7857948139797,42.4836601307189,0.716055274009705,0.563820331913797,0.329365035168257,1681.79232348884,948.152356094808
100800,PACHITEA,5.56792873051225,22.9349538600045,34.2066957787482,0.721998333930969,0.561574631428522,0.27313445048065,1859.46823792893,800.440966155581
100900,PUERTO INCA,5.06798516687268,15.8898305084746,17.8217821782178,0.639185607433319,0.466009848478183,0.387250062379581,2457.09888329058,622.650335745694
101100,YAROWILCA,5.46528803545052,25.1145038167939,29.4326241134752,0.785781502723694,0.59524857286578,0.300668529919315,1701.36105861384,437.281401355774
120300,CHANCHAMAYO,4.99001996007984,14.98120942945,32.517866959868,0.385697245597839,0.685092255218974,0.478648032961303,2311.30741875064,549.33470930515
120900,CHUPACA,7.43380855397149,20.3094777562863,47.1183013144591,0.376328349113464,0.722347832430318,0.510284435266002,1551.75756699861,385.754275967094
120200,CONCEPCIÓN,8.68200836820083,19.4089104543449,34.149855907781,0.466232657432556,0.718534101957442,0.453853110513058,2137.01212120307,1230.29995893193
120100,HUANCAYO,7.11494252873563,16.6510406900431,34.5267287886219,0.311340689659119,0.801218653857147,0.576126155747245,4576.20026791913,398.214719463383
120400,JAUJA,7.61194029850746,20.4074208803201,87.5613747954174,0.371942639350891,0.767767284549554,0.500636544184358,2375.45676567936,560.339609906204
120500,JUNÍN,8.75,21.7986314760508,47.4945533769063,0.418663144111633,0.729149738596116,0.431471860723871,4951.16498079132,395.344787120282
120600,SATIPO,5.93325092707046,24.6811224489796,30.1057770545159,0.620284557342529,0.580724481390792,0.393847202784345,2250.35178200643,672.347905520692
120700,TARMA,7.07298720842739,16.4230769230769,50.9324758842444,0.378807246685028,0.751872388553982,0.477457888731104,1952.33418361785,399.018138710996
120800,YAULI,11.01243339254,18.013468013468,91.2778904665314,0.311466753482819,0.777554922411021,0.636860163344852,2501.37272759451,1140.99929255746
150200,BARRANCA,4.22094841063054,7.30322239830956,10.5465414175918,0.167416751384735,0.807259586808981,0.630704295977288,2374.66824358091,290.180619014795
150300,CAJATAMBO,3.125,20,43.9024390243902,0.595305263996124,0.762130009906785,0.384518578224376,6587.65658199818,1099.91445486518
150400,CANTA,5.85106382978723,9.08152734778122,25.462962962963,0.433940887451172,0.773958457087596,0.568441901944859,7617.48376017765,1319.23783661934
150500,CAÑETE,4.75581692661723,10.1065035123499,29.3132734773113,0.191181480884552,0.753108714631712,0.684562180648377,1906.96533953622,499.55904757657
150600,HUARAL,5.16684607104413,8.3570412517781,15.6666666666667,0.219606757164001,0.762989182787519,0.632245619233628,1552.9967358394,387.079094426572
150700,HUAROCHIRÍ,4.17469492614001,13.2935662547934,31.3475997686524,0.327566981315613,0.749701690587848,0.551932831420412,1589.51500691348,1476.08062178091
150800,HUAURA,4.25595238095238,10.122230710466,17.2696868349042,0.217093229293823,0.781724241988271,0.650962551949398,2751.91273213354,433.915848412233
150900,OYÓN,6.25,17.3007246376812,51.1811023622047,0.330512046813965,0.811443170175861,0.577020074336882,3134.90448420708,3281.25983197861
151000,YAUYOS,5.70175438596491,23.2232232232232,61.1888111888112,0.526198089122772,0.80702793970973,0.446639148512079,3071.30457314585,2263.83871739695
190200,DANIEL ALCIDES CARRIÓN,7.06106870229008,17.2502574665294,44.7552447552447,0.646860718727112,0.647394802167753,0.369968545187911,2877.89711440245,4107.13217689119
190300,OXAPAMPA,6.24360286591607,19.6808510638298,41.8604651162791,0.539350867271423,0.654613329186424,0.42782213065429,2248.77425151526,946.610928661
190100,PASCO,9.79760809567617,20.0828530259366,59.9290780141844,0.358296811580658,0.755069992335804,0.545533872036433,5957.75738230025,1024.05060323255
250200,ATALAYA,8.34141610087294,30.716934487021,38.5263157894737,0.600740075111389,0.489314119312462,0.326395408705732,2078.13954753161,891.916403801407
250100,CORONEL PORTILLO,7.99274486094317,16.8375,48.6894968433135,0.365361332893372,0.663976632633741,0.523483840595505,3174.22236284072,597.230578103977
250300,PADRE ABAD,5.70512820512821,18.8552188552189,42.7865612648221,0.478159308433533,0.627815139346148,0.438605303975358,1925.13059778775,1926.39319088893
250400,PURÚS,7.07070707070707,39.4736842105263,60.6060606060606,0.564269721508026,0.449670015732,0.348426822358967,4022.32690014008,2475.72463277967
030100,ABANCAY,5.19703026841804,16.2729026036644,30.1416917131816,0.359675228595734,0.789197575029927,0.521312966360625,9439.5085523049,1365.22522554184
030200,ANDAHUAYLAS,6.12878200155159,22.2560975609756,38.4409401963701,0.538192391395569,0.753816169326858,0.421882784759833,2910.13320964283,912.164506356262
030300,ANTABAMBA,2.76243093922652,25.9459459459459,20.3389830508475,0.606038212776184,0.676755598618505,0.323102353598462,3867.82259373316,2900.20218646547
030400,AYMARAES,6.79611650485437,17.3809523809524,28.133704735376,0.620896399021149,0.730736868568955,0.355128189993284,3278.17433763716,1682.60338121776
030600,CHINCHEROS,7.16803760282021,24.5118404653095,35.6943150046598,0.643692910671234,0.734699258948758,0.344303514850603,2881.23328196608,1430.76507924687
030500,COTABAMBAS,8.18438381937911,20.0601573345673,50.316169828365,0.557417750358582,0.655361238290182,0.372053682028399,3745.3509901372,4366.70627362389
030700,GRAU,6.51629072681704,19.0923317683881,45.1612903225806,0.60983955860138,0.713466086301918,0.304488319025415,3802.67568787534,1938.48799662441
040100,AREQUIPA,4.72708613943942,8.43699296917252,30.4283893735908,0.161888659000397,0.818828118150026,0.66933497919903,3187.45745333397,646.684922150952
040200,CAMANÁ,4.33031218529708,5.05341002465078,16.0849772382398,0.208391427993774,0.760651977930744,0.624133348573478,3781.98685101022,659.048398356058
040300,CARAVELÍ,3.83275261324042,7.6608784473953,31.5436241610738,0.254776477813721,0.723754268945559,0.616486844457873,2678.57113740669,1046.36960768593
040400,CASTILLA,2.6369168356998,14.0012070006035,29.3814432989691,0.336161613464356,0.78035267414317,0.566243808886177,4632.27902666174,1360.22320168091
040500,CAYLLOMA,3.04375396322131,15.2727272727273,67.2169811320755,0.353074371814728,0.704624896512953,0.588818268722751,1569.89275893519,1375.11531703053
040600,CONDESUYOS,4.33070866141732,16.9871794871795,37.3056994818653,0.413511574268341,0.668586249902372,0.581571123130452,6244.67903078537,6948.07899068419
040700,ISLAY,2.62793914246196,8.32659660468877,13.030303030303,0.181297898292542,0.775667897255883,0.630938131124971,1861.31233774701,1279.86656602133
040800,LA UNIÓN,7.14285714285714,28.8389513108614,33.9622641509434,0.600972294807434,0.765962727054128,0.357948486236479,4223.9135146766,2134.65901599332
050200,CANGALLO,6.03588907014682,27.4647887323944,23.9189189189189,0.678958296775818,0.690274899591426,0.329311567938455,3964.57461914629,1505.75950711424
050100,HUAMANGA,6.2328498627989,17.7381511027687,32.1662396811842,0.388425052165985,0.769309247736132,0.489395999823841,5630.58812603206,1100.62735312812
050300,HUANCA SANCOS,6.49350649350649,17.6113360323887,21.7142857142857,0.54135811328888,0.717187619083786,0.382788203623698,3670.91421985122,2737.39647415818
050400,HUANTA,5.25525525525525,17.3019330247754,20.8874005860193,0.553351700305939,0.702605811685876,0.389530096039708,2723.5921753663,1462.86567006295
050500,LA MAR,4.55104551045511,19.3730729701953,30.1477377654663,0.653019368648529,0.674297991113708,0.332574685607884,3016.22950550537,2036.64735637797
050600,LUCANAS,6.52173913043478,21.205597416577,47.3684210526316,0.535847306251526,0.702518340265248,0.425449006035701,4512.77718385796,2457.16478950889
050700,PARINACOCHAS,6.22119815668203,16.9402495075509,68.9516129032258,0.459165215492249,0.737773886915015,0.41744346365726,4214.50768859616,1530.17961744658
050800,PÁUCAR DEL SARA SARA,2.7027027027027,17.0506912442396,52.156862745098,0.452917218208313,0.760653287369121,0.435518521210977,5827.06394722435,2416.6734063287
050900,SUCRE,9.03225806451613,16.7394468704512,25,0.583140194416046,0.727263839329879,0.387487977919471,5519.36181575688,2804.35219777079
051000,FAJARDO,8.56164383561644,24.5755860953921,27.1028037383178,0.631630897521973,0.711960320411166,0.375382199657322,2358.52237242614,1603.85852730528
051100,VILCAS HUAMÁN,8.84146341463414,20.3562340966921,37.4570446735395,0.666528463363648,0.689339424428703,0.314307958949445,2506.73248717009,1644.35128024194
080200,ACOMAYO,5.15759312320917,19.3729903536978,62.2881355932203,0.646076142787933,0.738806692344631,0.297651102095443,2003.29723442551,1275.06058183955
080300,ANTA,5.05144995322732,18.2448979591837,53.1645569620253,0.541230082511902,0.714652077991473,0.394515119323147,1600.71218293908,818.529593502033
080400,CALCA,6.40138408304498,19.0367718841523,38.6885245901639,0.555459499359131,0.715023574009019,0.389339846392094,1862.8359392413,1016.64323824562
080500,CANAS,6.08424336973479,18.2074143594557,42.4821002386635,0.679729223251343,0.639552357434633,0.256786798672869,1556.03351161273,1289.56256519322
080600,CANCHIS,5.58408215661104,15.2131782945736,47.9968578161822,0.415762364864349,0.745852501639586,0.468225536616414,2311.01470610694,559.917268747891
080700,CHUMBIVILCAS,5.83214793741109,20.1547388781431,38.3981154299176,0.676181256771088,0.653317999914828,0.337228237205751,2594.84765230185,1899.64633629621
080100,CUSCO,6.21855785354947,12.7043632198271,42.6736869140876,0.264248728752136,0.826478607650598,0.665288583510104,5912.04622930986,705.31234141767
080800,ESPINAR,6.64739884393064,17.0170827858081,54.2662116040956,0.470849096775055,0.652421868403537,0.463360639814818,2857.38026042357,3043.07469234057
080900,LA CONVENCIÓN,3.90502967822555,19.1033489377026,33.3559322033898,0.52143520116806,0.687195977890566,0.45051159283271,4322.57753462809,2515.72231763774
081100,PAUCARTAMBO,7.0221066319896,21.5954606141522,57.1120689655172,0.771811962127686,0.653697450342292,0.242395128877282,2408.75347278076,1414.48604166667
081200,QUISPICANCHI,5.6592039800995,18.1157394464635,60.0846262341326,0.566102385520935,0.696383589379661,0.346616053888373,1890.91937692735,1060.78747572258
081300,URUBAMBA,5.56061987237922,15.5682407887909,40.7725321888412,0.382709145545959,0.753916751618078,0.538025492645071,1886.26949158536,1326.27892606902
090200,ACOBAMBA,9.67379077615298,30.0686772170797,74.5614035087719,0.68402373790741,0.701801059084214,0.308727887798234,2809.29200225179,911.154998362334
090300,ANGARAES,6.10766045548654,32.3943661971831,56.5916398713826,0.648433268070221,0.663669747148145,0.325894433932419,2443.00459142625,1482.51029678355
090400,CASTROVIRREYNA,8.04597701149425,27.3413897280967,49.0909090909091,0.673882186412811,0.635420094840312,0.395403763628716,4725.74120049566,1035.59610061958
090500,CHURCAMPA,8,25.2943741822939,35.3846153846154,0.706191539764404,0.684774234950884,0.320636220266902,3033.03879362087,873.089136139289
090100,HUANCAVELICA,8.69565217391304,25.863743582628,52.0586182833217,0.484790742397308,0.732806004329952,0.426498716124205,8703.24401431,1447.56745922145
090600,HUAYTARÁ,7.75193798449612,38.2702702702703,50.4065040650406,0.681980550289154,0.615092182837059,0.401376031385841,4404.7626769269,1567.37448602008
090700,TAYACAJA,7.20257234726688,27.590607452782,38.2636655948553,0.658706784248352,0.701680569411373,0.36393637351504,2562.10198500178,1643.3264424956
110200,CHINCHA,4.69934310257706,10.8197136703408,25.7887517146776,0.204845070838928,0.759358057356675,0.58832352616094,1857.06606011283,490.238383519987
110100,ICA,4.96789972485479,8.28948112940644,29.4477485131691,0.197880148887634,0.809042352687993,0.639701672784679,4308.03141158852,461.223978722952
110300,NASCA,4.02629416598192,6.12567098200189,30.8208955223881,0.209875106811523,0.712253801087288,0.612562282061653,2098.33905335161,769.955128594535
110400,PALPA,2.4896265560166,6.2206572769953,29.8412698412698,0.282395839691162,0.768181843928485,0.607555711702318,3105.30058198758,1494.91397329193
110500,PISCO,5.32292405961675,8.41218214074512,11.8670886075949,0.209679663181305,0.758556208061354,0.574090958577166,1605.72450550908,314.161185174916
170200,MANU,2.88461538461538,13.3659331703342,27.8396436525612,0.421309888362885,0.624882344003126,0.594538838982345,2480.19256838422,12787.1040860899
170300,TAHUAMANU,8.16326530612245,11.0147441457069,54.3010752688172,0.341075658798218,0.704602021835406,0.644390088785895,2898.48448715796,2129.52954003693
170100,TAMBOPATA,4.18168709444845,9.64435663126698,46.634382566586,0.36038738489151,0.733803121767846,0.61846243909341,5214.62614606963,941.308444816851
180200,GENERAL SÁNCHEZ CERRO,4.06976744186047,12.4620060790274,31.7073170731707,0.52428811788559,0.655337927576762,0.530869977186044,6041.40759237112,6157.75046201297
180300,ILO,2.76046304541407,5.07305194805195,23.4162895927602,0.170150101184845,0.792284939652132,0.685808382576187,2507.50867687095,1168.48296430449
180100,MARISCAL NIETO,4.56204379562044,5.14752040175769,26.8170426065163,0.208538889884949,0.783993227272956,0.693239989073091,7270.7142573063,2650.53440561622
210200,AZÁNGARO,5.91397849462366,15.5671641791045,49.8591549295775,0.639457821846008,0.597920718179038,0.319102053124564,2242.44964399982,2582.15527542279
210300,CARABAYA,8.16733067729083,21.3675213675214,49.3087557603687,0.663432121276855,0.575531890113107,0.340435297006813,3783.98401046105,1306.1871149834
210400,CHUCUITO,5.38321167883212,11.3263296126067,50.9838998211091,0.625197768211365,0.586860357889686,0.345184028727735,2592.39025547001,784.943166146874
210500,EL COLLAO,3.41655716162943,8.07075732448867,32.1989528795812,0.62967973947525,0.591194193532883,0.379336136556248,2457.19682061589,705.031009149812
210600,HUANCANÉ,4.54545454545455,14.1268803139307,51.1343804537522,0.691327333450317,0.629384991927991,0.317619644629901,2400.21379369175,210.038018132341
210700,LAMPA,6.54338549075391,13.452443510247,46.1966604823748,0.604894876480103,0.582395347657442,0.430827933289683,2281.01060654847,760.527620013381
210800,MELGAR,7.64762826718296,16.0266257040451,39.2330383480826,0.48763644695282,0.654643255157929,0.429420492644373,2824.65065972725,941.71889175835
210900,MOHO,4.02476780185758,15.9198113207547,42.5,0.740820527076721,0.67690933005226,0.280311931726885,1804.13006493267,470.37687954252
210100,PUNO,6.52492668621701,9.19846885512121,47.472856608012,0.430523931980133,0.710146123342496,0.542559077308548,9450.11693104125,1492.23081602277
211000,SAN ANTONIO DE PUTINA,7.71028037383178,18.4720638540479,51.310861423221,0.488484561443329,0.58567592576518,0.499884882646757,2402.06257662955,978.939340047542
211100,SAN ROMÁN,7.34143049932524,10.1551956815115,45.812020460358,0.39834201335907,0.714014676071376,0.558649239045766,1469.31228536347,586.180749784897
211200,SANDIA,5.76923076923077,13.0563798219585,38.9799635701275,0.683831930160523,0.555873162826842,0.407680405527595,2048.83366807593,767.984250917758
211300,YUNGUYO,4.96613995485327,10.4082806210466,53.2319391634981,0.646193742752075,0.718670284107939,0.370515383968917,1996.88569332667,556.778722819295
230200,CANDARAVE,1.72413793103448,11,53.1914893617021,0.567096769809723,0.691833353212712,0.367674453157097,4941.04202843084,6583.9731615637
230300,JORGE BASADRE,0.99009900990099,5.88235294117647,38.8888888888889,0.230180203914642,0.7995002972289,0.680273531494902,8991.42034488969,6027.82194867177
230100,TACNA,4.41028225806452,3.2120280198189,25.3876478318003,0.196646571159363,0.777705207636733,0.6078728410369,3715.33934100252,976.227790100457
230400,TARATA,3.27868852459016,11.0687022900763,96.2962962962963,0.513824164867401,0.741027395260494,0.430831228039735,3818.84227570274,1815.94064561674
